{
  "BTC/USDT|15m": {
    "last_side": null,
    "count": 0,
    "last_ts": 1761209275.1069746
  },
  "ETH/USDT|15m": {
    "last_side": null,
    "count": 0,
    "last_ts": 1761209275.1069746
  },
  "BNB/USDT|15m": {
    "last_side": null,
    "count": 0,
    "last_ts": 1761209275.1069746
  },
  "SOL/USDT|15m": {
    "last_side": null,
    "count": 0,
    "last_ts": 1761209275.1069746
  },
  "XRP/USDT|15m": {
    "last_side": null,
    "count": 0,
    "last_ts": 1761209275.1069746
  },
  "ADA/USDT|15m": {
    "last_side": null,
    "count": 0,
    "last_ts": 1761209275.1069746
  },
  "DOGE/USDT|15m": {
    "last_side": null,
    "count": 0,
    "last_ts": 1761209275.1069746
  },
  "TRX/USDT|15m": {
    "last_side": null,
    "count": 0,
    "last_ts": 1761209275.1069746
  },
  "TON/USDT|15m": {
    "last_side": null,
    "count": 0,
    "last_ts": 1761209275.1069746
  },
  "AVAX/USDT|15m": {
    "last_side": null,
    "count": 0,
    "last_ts": 1761209275.1069746
  },
  "LINK/USDT|15m": {
    "last_side": null,
    "count": 0,
    "last_ts": 1761209275.1069746
  },
  "LTC/USDT|15m": {
    "last_side": null,
    "count": 0,
    "last_ts": 1761209275.1069746
  },
  "MATIC/USDT|15m": {
    "last_side": null,
    "count": 0,
    "last_ts": 1760958258.9968605
  },
  "DOT/USDT|15m": {
    "last_side": null,
    "count": 0,
    "last_ts": 1761209275.1069746
  },
  "NEAR/USDT|15m": {
    "last_side": null,
    "count": 0,
    "last_ts": 1761209275.1069746
  },
  "OP/USDT|15m": {
    "last_side": null,
    "count": 0,
    "last_ts": 1761209275.1069746
  },
  "ARB/USDT|15m": {
    "last_side": null,
    "count": 0,
    "last_ts": 1761209275.1069746
  },
  "ATOM/USDT|15m": {
    "last_side": null,
    "count": 0,
    "last_ts": 1761209275.1069746
  },
  "APT/USDT|15m": {
    "last_side": null,
    "count": 0,
    "last_ts": 1761209275.1069746
  },
  "SUI/USDT|15m": {
    "last_side": null,
    "count": 0,
    "last_ts": 1761209275.1069746
  }
}